{
  "steps": {
    "STEP_001_DISPATCH_CREATED": {
      "mean": 11.596113888888889,
      "std": 6.8836204298475465,
      "p95": 24.833333333333332,
      "p99": 35.9,
      "missing_rate": 0.0
    },
    "STEP_002_CARRIER_TENDERED": {
      "mean": 11.674673611111109,
      "std": 7.049990020675096,
      "p95": 24.70083333333332,
      "p99": 36.48366666666667,
      "missing_rate": 0.0
    },
    "STEP_003_TENDER_ACCEPTED": {
      "mean": 11.839270833333334,
      "std": 7.079722867482386,
      "p95": 25.284166666666657,
      "p99": 37.06700000000001,
      "missing_rate": 0.0
    },
    "STEP_004_DRIVER_ASSIGNED": {
      "mean": 11.641763888888889,
      "std": 6.948440914907117,
      "p95": 24.75,
      "p99": 35.9335,
      "missing_rate": 0.0
    },
    "STEP_005_PICKUP_APPOINTMENT_SET": {
      "mean": 11.71732638888889,
      "std": 6.966104543041354,
      "p95": 24.9,
      "p99": 35.95100000000002,
      "missing_rate": 0.0
    },
    "STEP_006_DRIVER_EN_ROUTE_PICKUP": {
      "mean": 12.651420833333335,
      "std": 8.652702494486014,
      "p95": 29.050833333333323,
      "p99": 43.98350000000001,
      "missing_rate": 0.0
    },
    "STEP_007_ARRIVE_PICKUP": {
      "mean": 11.740525,
      "std": 6.902090061359367,
      "p95": 24.751666666666644,
      "p99": 36.01750000000002,
      "missing_rate": 0.0
    },
    "STEP_008_GATE_IN_PICKUP": {
      "mean": 11.524547222222221,
      "std": 6.861141340144272,
      "p95": 24.100833333333323,
      "p99": 35.33366666666667,
      "missing_rate": 0.0
    },
    "STEP_009_WAIT_PICKUP": {
      "mean": 11.009916666666667,
      "std": 7.2219734621154625,
      "p95": 24.06749999999999,
      "p99": 36.33366666666667,
      "missing_rate": 0.0
    },
    "STEP_010_LOAD_START": {
      "mean": 23.435829166666668,
      "std": 14.36288775698989,
      "p95": 49.88416666666665,
      "p99": 73.76733333333334,
      "missing_rate": 0.0
    },
    "STEP_011_LOAD_COMPLETE": {
      "mean": 23.12365555555556,
      "std": 14.049085588665701,
      "p95": 48.88333333333333,
      "p99": 71.3016666666667,
      "missing_rate": 0.0
    },
    "STEP_012_DEPART_PICKUP": {
      "mean": 11.64477361111111,
      "std": 7.0311416197176575,
      "p95": 24.934166666666655,
      "p99": 35.73366666666667,
      "missing_rate": 0.0
    },
    "STEP_013_EN_ROUTE_HUB": {
      "mean": 150.23222222222222,
      "std": 103.00430197356675,
      "p95": 343.42249999999996,
      "p99": 538.4571666666669,
      "missing_rate": 0.0
    },
    "STEP_014_ARRIVE_HUB": {
      "mean": 11.59835972222222,
      "std": 7.082171304634795,
      "p95": 24.633333333333333,
      "p99": 37.00066666666668,
      "missing_rate": 0.0
    },
    "STEP_015_HUB_INBOUND_SCAN": {
      "mean": 11.755244444444445,
      "std": 7.1419141889859965,
      "p95": 25.06833333333331,
      "p99": 36.56700000000001,
      "missing_rate": 0.0
    },
    "STEP_016_HUB_SORT_COMPLETE": {
      "mean": 14.080070833333334,
      "std": 8.985829001904282,
      "p95": 30.334999999999976,
      "p99": 45.05016666666667,
      "missing_rate": 0.0
    },
    "STEP_017_HUB_OUTBOUND_SCAN": {
      "mean": 11.656322222222222,
      "std": 7.0579230453931245,
      "p95": 24.883333333333333,
      "p99": 36.40083333333335,
      "missing_rate": 0.0
    },
    "STEP_018_LINEHAUL_START": {
      "mean": 153.50249722222225,
      "std": 106.69050653714588,
      "p95": 350.75249999999994,
      "p99": 553.3100000000002,
      "missing_rate": 0.0
    },
    "STEP_019_IN_TRANSIT_LINEHAUL": {
      "mean": 156.12334166666668,
      "std": 115.28316755397428,
      "p95": 363.2641666666665,
      "p99": 577.1933333333343,
      "missing_rate": 0.0
    },
    "STEP_020_ARRIVE_LASTMILE_DEPOT": {
      "mean": 11.549661111111112,
      "std": 6.814731620620158,
      "p95": 24.233333333333334,
      "p99": 35.55,
      "missing_rate": 0.0
    },
    "STEP_021_LASTMILE_SORT_COMPLETE": {
      "mean": 14.163570833333331,
      "std": 8.794672857499908,
      "p95": 30.06749999999999,
      "p99": 45.652000000000044,
      "missing_rate": 0.0
    },
    "STEP_022_ROUTE_PLANNED": {
      "mean": 11.636780555555555,
      "std": 7.015546912894911,
      "p95": 24.9,
      "p99": 35.200166666666675,
      "missing_rate": 0.0
    },
    "STEP_023_OUT_FOR_DELIVERY": {
      "mean": 34.583552777777776,
      "std": 20.810673477809225,
      "p95": 73.48416666666665,
      "p99": 105.60183333333337,
      "missing_rate": 0.0
    },
    "STEP_024_DELIVERY_ATTEMPT_1": {
      "mean": 34.74505,
      "std": 20.93485514610122,
      "p95": 74.4858333333333,
      "p99": 109.10016666666667,
      "missing_rate": 0.0
    },
    "STEP_025_DELIVERED_CONFIRMED": {
      "mean": 11.672787499999998,
      "std": 7.03975674053833,
      "p95": 24.816666666666666,
      "p99": 37.516666666666666,
      "missing_rate": 0.0
    },
    "STEP_026_POD_UPLOADED": {
      "mean": 23.15123055555556,
      "std": 13.949760741164454,
      "p95": 49.33666666666662,
      "p99": 73.41683333333334,
      "missing_rate": 0.0
    },
    "STEP_027_RETURN_TO_DEPOT": {
      "mean": 11.588348611111112,
      "std": 6.883612515171511,
      "p95": 24.81749999999999,
      "p99": 36.450166666666675,
      "missing_rate": 0.0
    },
    "STEP_028_TRIP_CLOSEOUT": {
      "mean": 11.678883333333333,
      "std": 6.898264839080375,
      "p95": 24.91916666666663,
      "p99": 35.96666666666667,
      "missing_rate": 0.0
    },
    "STEP_029_BILLING_COMPLETE": {
      "mean": 11.596451388888891,
      "std": 6.872336916873754,
      "p95": 24.534166666666657,
      "p99": 36.083833333333345,
      "missing_rate": 0.0
    }
  },
  "total_process_time_min": {
    "mean": 848.9141916666667,
    "std": 224.9203595304971,
    "p95": 1279.8241666666665,
    "p99": 1612.2976666666668
  },
  "n_cases_for_baseline": 12000
}