month,CRITICAL,BOTTLENECK,ELEVATED,WATCHLIST,NORMAL
2025-04,11.265544989027067,24.72567666422824,9.217264081931237,2.560351133869788,52.23116313094367
2025-05,11.434511434511435,27.650727650727653,6.999306999307,1.9404019404019404,51.975051975051976
2025-06,10.328317373461013,27.01778385772914,8.276333789329685,1.7783857729138166,52.59917920656635
2025-07,7.142857142857142,21.428571428571427,0.0,7.142857142857142,64.28571428571429
