month,Doc Validation,Submit Declaration,Document Inspection,Cargo Released,Duty Tax Invoice Issued,Clearance Approved
2025-04,6.437454279444038,6.291148500365765,6.144842721287491,5.4864667154352595,5.4133138258961235,6.583760058522311
2025-05,6.5142065142065135,6.652806652806653,5.613305613305614,7.0686070686070686,7.0686070686070686,5.959805959805959
2025-06,7.865937072503421,6.361149110807114,6.976744186046512,6.155950752393981,6.019151846785226,5.950752393980848
2025-07,0.0,7.142857142857142,21.428571428571427,0.0,14.285714285714285,0.0
