month,case_count,avg_risk,p95_risk,avg_anomaly,high_risk_rate,critical_rate
2025-04,1367,49.94294074615947,94.70000000000005,0.4274728266276518,19.6781272860278,11.265544989027067
2025-05,1443,49.75814275814276,95.0,0.4273646978516979,21.275121275121275,11.434511434511435
2025-06,1462,48.86662106703147,93.0,0.42550492544459645,19.015047879616965,10.328317373461013
2025-07,14,46.0,93.05,0.4251375,28.57142857142857,7.142857142857142
