reference_months,recent_months,avg_risk_ref,avg_risk_recent,avg_risk_delta,p95_risk_ref,p95_risk_recent,p95_risk_delta,high_risk_rate_ref,high_risk_rate_recent,high_risk_rate_delta,critical_rate_ref,critical_rate_recent,critical_rate_delta
"2025-04, 2025-05, 2025-06","2025-05, 2025-06, 2025-07",49.52256819044457,48.20825460839141,-1.3143135820531597,94.23333333333335,93.68333333333334,-0.5500000000000114,19.989432146922013,22.953865908722268,2.9644337618002545,11.009457932333172,9.63522865027653,-1.3742292820566426
