process_key,avg_risk_delta,p95_risk_delta,high_risk_rate_delta,critical_rate_delta
trucking,0.5718208452621951,0.6666666666666714,-0.6251633569783053,0.6883787085833042
warehouse,0.0,0.0,0.0,0.0
customs,-1.3143135820531595,-0.5500000000000114,2.9644337618002545,-1.3742292820566426
