process_key,cases_analyzed,avg_risk,p95_risk,high_risk_rate_80plus,critical_rate
trucking,12000,49.500083333333336,94.04999999999929,0.2,23.60833333333333
warehouse,12000,49.500083333333336,94.04999999999929,0.2,18.991666666666667
customs,4286,49.50069995333645,94.75,0.2001866542230518,10.989267382174525
