score_mean,score_std,score_min,score_p50,score_p80,score_p95,score_max
0.408617,0.042699,0.358658,0.396807,0.432228,0.490547,0.807543
