risk_group,mean,median,count
normal,803.8887274305555,781.1833333333334,9600
anomaly,1029.016048611111,1027.3416666666667,2400
