{
  "threshold": 0.5,
  "accuracy": 0.4885057471264368,
  "precision": 0.4367816091954023,
  "recall": 0.48717948717948717,
  "f1": 0.46060606060606063,
  "roc_auc": 0.5219350961538463,
  "pr_auc": 0.4748325549735307,
  "positive_rate_test": 0.4482758620689655,
  "predicted_positive_rate": 0.5,
  "classification_report": {
    "0": {
      "precision": 0.5402298850574713,
      "recall": 0.4895833333333333,
      "f1-score": 0.5136612021857924,
      "support": 192.0
    },
    "1": {
      "precision": 0.4367816091954023,
      "recall": 0.48717948717948717,
      "f1-score": 0.46060606060606063,
      "support": 156.0
    },
    "accuracy": 0.4885057471264368,
    "macro avg": {
      "precision": 0.4885057471264368,
      "recall": 0.48838141025641024,
      "f1-score": 0.48713363139592647,
      "support": 348.0
    },
    "weighted avg": {
      "precision": 0.4938565200158541,
      "recall": 0.4885057471264368,
      "f1-score": 0.48987786285694707,
      "support": 348.0
    }
  },
  "confusion_matrix": [
    [
      94,
      98
    ],
    [
      80,
      76
    ]
  ],
  "feature_importance": {
    "months_since_last_severe_ops_month": 0.02846390841506006,
    "late_event_count_last_6m": 0.015429297318233937,
    "average_mpg_avg_3m": 0.010111282499608087,
    "late_rate_avg_3m": 0.008723787179406427,
    "trips_completed": 0.0083138034820617,
    "booking_type_spot_count_last_6m": 0.00805867418173506,
    "load_type_refrigerated_count_last_6m": 0.007665831543810786,
    "total_accessorial_charges": 0.007542147940215837,
    "fuel_spend_per_mile_3m": 0.006735241620981813,
    "destination_city_Kansas City": 0.0066402617994879235,
    "fuel_gallons_used": 0.006585312177853508,
    "fuel_card_spend_avg_3m": 0.006438208159099767,
    "total_miles_delta_1m": 0.006204931538184455,
    "idle_hours_per_trip_3m": 0.0060924786470756605,
    "avg_pieces": 0.00589103963370603,
    "detention_avg_avg_3m": 0.005527914139216128,
    "destination_city_Denver": 0.005476444800131974,
    "total_fuel_surcharge": 0.004870067177370619,
    "detention_avg_delta_1m": 0.0034588335950499925,
    "booking_type_dedicated_count": 0.0034416775214031305,
    "detention_sum_last_3m": 0.0033778589570613972,
    "severe_ops_month_count_last_6m": 0.003127519509454546,
    "destination_city_Philadelphia": 0.0027393219559319615,
    "fuel_purchase_count": 0.0026917791688047753,
    "average_mpg_delta_1m": 0.0025400634558340298,
    "fuel_card_spend_delta_1m": 0.0023416547885748208,
    "origin_city_Miami": 0.002333052161163751,
    "avg_fuel_price": 0.00203579641708862,
    "total_revenue_delta_1m": 0.00193549171602323,
    "fuel_card_spend_last_3m": 0.001595209386622698,
    "booking_type_contract_count_last_6m": 0.0015586568340598904,
    "detention_p95": 0.0015222123489678774,
    "total_miles": 0.0014882838318218462,
    "total_duration_hours": 0.0014171247995069414,
    "load_type_dry_van_count_last_6m": 0.001411754361037687,
    "avg_weight_lbs": 0.0013065365682122798,
    "destination_city_Portland": 0.0010013871058434764,
    "origin_city_Detroit": 0.001001111435256019,
    "load_type_dry_van_count": 0.0009291127676532618,
    "total_miles_avg_3m": 0.0009170808489354587,
    "severe_ops_month_count_last_3m": 0.00078838734821427,
    "destination_city_Detroit": 0.0006675273968256068,
    "origin_city_Chicago": 0.0005228371872825655,
    "fuel_card_spend_last_6m": 0.0005205782891603228,
    "total_revenue_avg_3m": 0.0004921481485909651,
    "total_duration_hours_delta_1m": 0.00047664762756023383,
    "origin_city_Columbus": 0.0004233054136919878,
    "destination_city_Chicago": 0.00037902866647443467,
    "origin_city_Houston": 0.0003243143047482411,
    "destination_city_Atlanta": 0.0003227825356683867,
    "origin_city_Atlanta": 0.00030384305626370847,
    "typical_distance_miles": 0.0002609672546962205,
    "destination_city_New York": 0.00024599082513061533,
    "origin_city_Las Vegas": 0.00023843378420972393,
    "origin_city_Memphis": 0.00016625648203897337,
    "destination_city_Los Angeles": 0.0001490666147900721,
    "origin_city_Kansas City": 0.00013885362192751495,
    "event_count": 0.00012988234859927504,
    "typical_transit_days": 0.0,
    "pickup_count": 0.0,
    "destination_city_Charlotte": 0.0,
    "destination_city_Columbus": 0.0,
    "destination_city_Dallas": 0.0,
    "destination_city_Houston": 0.0,
    "destination_city_Memphis": 0.0,
    "destination_city_Miami": 0.0,
    "destination_state_CA": 0.0,
    "destination_state_CO": 0.0,
    "destination_state_FL": 0.0,
    "destination_state_GA": 0.0,
    "destination_state_IL": 0.0,
    "destination_state_IN": 0.0,
    "destination_state_MI": 0.0,
    "destination_state_MN": 0.0,
    "destination_state_MO": 0.0,
    "destination_state_NC": 0.0,
    "destination_state_NV": 0.0,
    "destination_state_NY": 0.0,
    "destination_state_OH": 0.0,
    "destination_state_OR": 0.0,
    "destination_state_PA": 0.0,
    "destination_state_TN": 0.0,
    "destination_state_WA": 0.0,
    "origin_city_Charlotte": 0.0,
    "origin_city_Dallas": 0.0,
    "origin_city_Denver": 0.0,
    "origin_city_Minneapolis": 0.0,
    "origin_city_New York": 0.0,
    "origin_city_Portland": 0.0,
    "origin_city_Seattle": 0.0,
    "origin_state_AZ": 0.0,
    "origin_state_CO": 0.0,
    "origin_state_FL": 0.0,
    "origin_state_GA": 0.0,
    "origin_state_IL": 0.0,
    "origin_state_MI": 0.0,
    "origin_state_MN": 0.0,
    "origin_state_MO": 0.0,
    "origin_state_NC": 0.0,
    "origin_state_NV": 0.0,
    "origin_state_NY": 0.0,
    "origin_state_OH": 0.0,
    "origin_state_OR": 0.0,
    "origin_state_PA": 0.0,
    "origin_state_TN": 0.0,
    "origin_state_WA": 0.0,
    "late_events_per_trip_3m": -0.00010534679237279576,
    "destination_city_Minneapolis": -0.000270226191706302,
    "fuel_gallons_purchased": -0.0003306570310049772,
    "destination_city_Indianapolis": -0.0003338836551828317,
    "origin_city_Philadelphia": -0.00039854829540160176,
    "destination_state_TX": -0.00045825511283604793,
    "detention_sum": -0.0006185060512713725,
    "origin_state_TX": -0.0006464590252682201,
    "trips_completed_avg_3m": -0.0007229182778724086,
    "origin_city_Phoenix": -0.0007699307244029896,
    "late_event_count": -0.0008875663427484248,
    "delivery_count": -0.001101808078237998,
    "late_event_count_last_3m": -0.0011872065499435203,
    "total_duration_hours_avg_3m": -0.0012161814244085246,
    "total_revenue": -0.0012451939397569057,
    "booking_type_contract_count": -0.0012932401626991718,
    "average_mpg": -0.0017897850785820514,
    "detention_sum_last_6m": -0.002014685266671046,
    "fuel_gallons_per_mile_3m": -0.0023314924127351144,
    "fuel_surcharge_rate": -0.002399061467413588,
    "detention_avg": -0.0024985531987343768,
    "fuel_card_spend": -0.0025853265840431127,
    "destination_city_Seattle": -0.002592005273075404,
    "destination_city_Las Vegas": -0.0026112706107123463,
    "late_rate_delta_1m": -0.0028613844499503884,
    "total_idle_hours_avg_3m": -0.003652388974954435,
    "trips_completed_delta_1m": -0.0036851871074772722,
    "detention_per_trip_3m": -0.003755633554551452,
    "total_idle_hours": -0.005216793142388221,
    "total_idle_hours_delta_1m": -0.005476949123077668,
    "load_type_refrigerated_count": -0.006398657869861368,
    "late_rate": -0.00657125437079753,
    "booking_type_dedicated_count_last_6m": -0.009648660675596832,
    "booking_type_spot_count": -0.011217221328146575,
    "base_rate_per_mile": -0.013675828977069471
  },
  "threshold_selection_metric": "fixed_0_5",
  "best_model_name": "hgb",
  "validation_pr_auc_at_0_5": 0.5742951696214458,
  "validation_roc_auc_at_0_5": 0.5923474116245201,
  "validation_recall_at_0_5": 0.39759036144578314,
  "model_name": "ops_ai",
  "target_definition": "Predict whether route has severe operational disruption in next 3 months",
  "train_rows": 1566,
  "test_rows": 348,
  "subtrain_rows": 1392,
  "validation_rows": 174,