risk_group,mean,median,count
normal,469.7404305555556,451.94166666666666,9600
anomaly,497.49975694444447,422.025,2400
