risk_group,avg_qc_ratio,avg_staging_ratio,avg_max_gap_to_next_min
anomaly,0.10991656617025079,0.029457160661695927,0.0
normal,0.08845137136058832,0.01854830302796773,0.0
