dominant_internal_delay_component,case_count,avg_cycle_time_min
qc,1561,482.93833013025835
packing,446,543.654932735426
handoff,226,473.6448377581121
picking,135,551.2682716049384
staging,32,506.17604166666666
