score_mean,score_std,score_min,score_p50,score_p80,score_p95,score_max
0.403702,0.044737,0.354267,0.389185,0.427725,0.492449,0.775652
