n_estimators,contamination,random_state,cases_used_train,events_rows_used,cases_analyzed_eval,cases_ok_eval,avg_risk_eval,p95_risk_eval,high_risk_count_eval,high_risk_rate_eval,param_label
150,0.04,42,12000,276000,1500,1500,50.327333333333335,94.0,328,0.21866666666666668,n=150 | c=0.04
200,0.06,42,12000,276000,1500,1500,50.42466666666667,95.0,319,0.21266666666666667,n=200 | c=0.06
300,0.06,42,12000,276000,1500,1500,50.37133333333333,94.04999999999995,318,0.212,n=300 | c=0.06
300,0.08,42,12000,276000,1500,1500,50.37133333333333,94.04999999999995,318,0.212,n=300 | c=0.08
