{
  "threshold": 0.5,
  "accuracy": 0.5090579710144928,
  "precision": 0.4772727272727273,
  "recall": 0.4864864864864865,
  "f1": 0.4818355640535373,
  "roc_auc": 0.5259135293264987,
  "pr_auc": 0.5117341142798509,
  "positive_rate_test": 0.4692028985507246,
  "predicted_positive_rate": 0.4782608695652174,
  "classification_report": {
    "0": {
      "precision": 0.5381944444444444,
      "recall": 0.5290102389078498,
      "f1-score": 0.5335628227194492,
      "support": 293.0
    },
    "1": {
      "precision": 0.4772727272727273,
      "recall": 0.4864864864864865,
      "f1-score": 0.4818355640535373,
      "support": 259.0
    },
    "accuracy": 0.5090579710144928,
    "macro avg": {
      "precision": 0.5077335858585859,
      "recall": 0.5077483626971682,
      "f1-score": 0.5076991933864933,
      "support": 552.0
    },
    "weighted avg": {
      "precision": 0.5096097981627873,
      "recall": 0.5090579710144928,
      "f1-score": 0.5092922430193203,
      "support": 552.0
    }
  },
  "confusion_matrix": [
    [
      155,
      138
    ],
    [
      133,
      126
    ]
  ],
  "feature_importance": {
    "emergency_rate_per_1000_miles_6m": 0.019959070796876765,
    "acquisition_mileage": 0.015795281942571904,
    "total_cost_sum_last_6m": 0.01290920882674298,
    "fleet_tenure_months": 0.008839640408720961,
    "utilization_rate_avg_3m": 0.007949742571962782,
    "emergency_count_last_12m": 0.006393874121072574,
    "average_mpg": 0.0056121460482768445,
    "vehicle_age_years": 0.005179022027178348,
    "maintenance_count_last_12m": 0.005057349667561129,
    "tank_capacity_gallons": 0.004234493408129247,
    "maintenance_cost_rate_per_mile_6m": 0.0041917675237101324,
    "total_miles_avg_3m": 0.004058244628870033,
    "maintenance_cost_delta_1m": 0.00395908187941727,
    "home_terminal_Oklahoma City": 0.003869608866961283,
    "make_Peterbilt": 0.003800149078719084,
    "total_revenue_avg_3m": 0.0034142434536956977,
    "trips_completed_avg_3m": 0.002813624942075621,
    "maintenance_type_brake_count_last_6m": 0.002576720597254689,
    "maintenance_type_preventive_count_last_6m": 0.002548592224224833,
    "home_terminal_Los Angeles": 0.002534882409578665,
    "labor_hours_sum_last_3m": 0.002226407149056797,
    "downtime_hours": 0.002197634707855034,
    "maintenance_events": 0.002101014113300992,
    "maintenance_events_avg_3m": 0.002055953787934062,
    "trips_completed": 0.0019426224638211976,
    "maintenance_type_inspection_count_last_6m": 0.0015456024125783286,
    "maintenance_type_engine_count_last_6m": 0.0012256049592237472,
    "home_terminal_Atlanta": 0.0011754654278820277,
    "make_Mack": 0.0011297979809916868,
    "maintenance_events_delta_1m": 0.0009910726237404744,
    "make_Freightliner": 0.0009395109649620759,
    "home_terminal_New York": 0.0009300292434258672,
    "downtime_hours_sum_last_3m": 0.0008795759006215321,
    "labor_hours_sum_last_6m": 0.0008498609701876215,
    "emergency_count_last_3m": 0.0006953587853691268,
    "home_terminal_Denver": 0.0006428263236367693,
    "maintenance_type_repair_count": 0.000587822185807041,
    "make_Volvo": 0.00035710433199256377,
    "trips_completed_delta_1m": 0.0002526265783390436,
    "maintenance_count_last_3m": 0.0002066262003554753,
    "home_terminal_Charlotte": 0.00013515950586053815,
    "total_revenue": 7.872840082208121e-05,
    "fuel_type_Diesel": 0.0,
    "home_terminal_Dallas": 0.0,
    "home_terminal_Milwaukee": 0.0,
    "home_terminal_Omaha": 0.0,
    "home_terminal_Portland": 0.0,
    "maintenance_type_engine_count": 0.0,
    "status_Active": 0.0,
    "home_terminal_Memphis": -1.4575801226435203e-06,
    "home_terminal_Columbus": -1.0770800865955721e-05,
    "maintenance_type_tire_count": -3.2857590461832234e-05,
    "maintenance_type_transmission_count": -7.925963578623297e-05,
    "home_terminal_Minneapolis": -0.00010606621902928826,
    "home_terminal_Kansas City": -0.00014272924287541677,
    "home_terminal_Indianapolis": -0.00031527573653222785,
    "downtime_hours_avg_3m": -0.0003289743899284714,
    "emergency_count_last_6m": -0.00038791401865285736,
    "home_terminal_Houston": -0.00040180555790374494,
    "utilization_rate": -0.0004657675355065116,
    "home_terminal_Detroit": -0.0005149455093043764,
    "utilization_rate_delta_1m": -0.0005712127393621813,
    "home_terminal_Philadelphia": -0.0005989496892442325,
    "home_terminal_Las Vegas": -0.0006320041317106062,
    "maintenance_rate_per_1000_miles_3m": -0.0007071904440069776,
    "months_since_last_maintenance": -0.0007690553623716845,
    "maintenance_type_preventive_count": -0.0007738934304879486,
    "maintenance_type_inspection_count": -0.0008730014907389671,
    "maintenance_type_tire_count_last_6m": -0.000961942489777523,
    "home_terminal_Miami": -0.00098888128625223,
    "model_year": -0.001068687154151604,
    "maintenance_cost": -0.0011909160258013474,
    "total_revenue_delta_1m": -0.0012876816692579229,
    "total_miles": -0.0013353350730969994,
    "home_terminal_Salt Lake City": -0.0014125845325373865,
    "average_mpg_avg_3m": -0.001442411561368462,
    "maintenance_count_last_6m": -0.0014581002735954308,
    "home_terminal_Nashville": -0.0014611719229397524,
    "maintenance_type_brake_count": -0.0015296679931023904,
    "total_cost_sum_last_3m": -0.0017377647643341376,
    "total_miles_delta_1m": -0.0019196694255449343,
    "maintenance_cost_avg_3m": -0.001931608372570426,
    "home_terminal_Phoenix": -0.0028920137144932355,
    "downtime_hours_sum_last_6m": -0.0029685530852660903,
    "make_International": -0.00315351393814165,
    "downtime_hours_delta_1m": -0.0034090743136135026,
    "maintenance_type_repair_count_last_6m": -0.0037283169995795395,
    "make_Kenworth": -0.003884064134540499,
    "maintenance_type_transmission_count_last_6m": -0.004675279290586798,
    "average_mpg_delta_1m": -0.007034768357539645,
    "months_since_last_emergency": -0.0076528289203672715,
    "home_terminal_Seattle": -0.007734455522843619
  },
  "threshold_selection_metric": "fixed_0_5",
  "best_model_name": "hgb",
  "validation_pr_auc_at_0_5": 0.5959038215403867,
  "validation_roc_auc_at_0_5": 0.6269727403156384,
  "validation_recall_at_0_5": 0.5691056910569106,
  "model_name": "fleet_ai",
  "target_definition": "Predict whether truck has emergency maintenance in next 3 months",
  "train_rows": 2484,
  "test_rows": 552,
  "subtrain_rows": 2208,
  "validation_rows": 276,
  "train_positive_rate": 0.4967793880837359,
  "test_positive_rate": 0.4692028985507246,
  "validation_positive_rate": 0.44565217391304346,
  "feature_count": 92,