{
  "threshold": 0.45,
  "accuracy": 0.5497311827956989,
  "precision": 0.1553672316384181,
  "recall": 0.6043956043956044,
  "f1": 0.24719101123595505,
  "roc_auc": 0.5872641906332565,
  "pr_auc": 0.17159572818800334,
  "positive_rate_test": 0.12231182795698925,
  "predicted_positive_rate": 0.47580645161290325,
  "classification_report": {
    "0": {
      "precision": 0.9076923076923077,
      "recall": 0.5421133231240429,
      "f1-score": 0.6788111217641419,
      "support": 653.0
    },
    "1": {
      "precision": 0.1553672316384181,
      "recall": 0.6043956043956044,
      "f1-score": 0.24719101123595505,
      "support": 91.0
    },
    "accuracy": 0.5497311827956989,
    "macro avg": {
      "precision": 0.5315297696653629,
      "recall": 0.5732544637598236,
      "f1-score": 0.46300106650004846,
      "support": 744.0
    },
    "weighted avg": {
      "precision": 0.8156740524222755,
      "recall": 0.549731182795699,
      "f1-score": 0.6260188770624417,
      "support": 744.0
    }
  },
  "confusion_matrix": [
    [
      354,
      299
    ],
    [
      36,
      55
    ]
  ],
  "feature_importance": {
    "total_miles_avg_3m": 0.9259308877168508,
    "total_revenue_avg_3m": 0.873209246224573,
    "incident_rate_per_1000_miles_3m": 0.2540669238594767,
    "on_time_delivery_rate_avg_3m": 0.21764865799113153,
    "trips_completed": 0.20879577790091833,
    "incident_count_last_3m": 0.20388254661944885,
    "preventable_count_last_3m": 0.17236826326532328,
    "claim_amount_sum_last_6m": 0.1600827652825491,
    "vehicle_damage_cost_sum_last_6m": 0.15301683392666549,
    "months_since_last_at_fault_incident": 0.14685514634801997,
    "trips_completed_delta_1m": 0.14652558955567888,
    "on_time_delivery_rate": 0.14144949792864184,
    "incident_count_last_12m": 0.12705187705524948,
    "tenure_months": 0.126617931039536,
    "average_mpg_avg_3m": 0.12144818577636116,
    "preventable_count_last_6m": 0.11549703008310971,
    "average_idle_hours_avg_3m": 0.11003021130966258,
    "months_since_last_preventable_incident": 0.10192997685513369,
    "months_since_last_incident": 0.09720413760937487,
    "average_idle_hours_delta_1m": 0.09326147337246693,
    "average_idle_hours": 0.0858230836350319,
    "years_experience": 0.07255201768281784,
    "total_miles_delta_1m": 0.0706151971484678,
    "trips_completed_avg_3m": 0.06969793474726936,
    "age_years": 0.06848312526779235,
    "on_time_delivery_rate_delta_1m": 0.04839044931452953,
    "average_mpg": 0.04607768995438043,
    "total_miles": 0.04212009807000536,
    "total_revenue_delta_1m": 0.041942177706199686,
    "at_fault_count_last_6m": 0.03961966910780847,
    "incident_count_last_6m": 0.038584887231416586,
    "total_revenue": 0.03024758243147914,
    "at_fault_count_last_3m": 0.025137189971884688,
    "average_mpg_delta_1m": 0.013359782355832945,
    "claim_rate_per_mile_6m": 0.0014014844840143546
  },
  "threshold_selection_metric": "fixed_0_45",
  "best_model_name": "logreg",
  "validation_pr_auc_at_0_5": 0.15403918187988508,
  "validation_roc_auc_at_0_5": 0.5198585218480584,
  "validation_recall_at_0_5": 0.34146341463414637,
  "model_name": "driver_ai",
  "target_definition": "Predict whether driver has incident in next 3 months",
  "train_rows": 3348,
  "test_rows": 744,
  "subtrain_rows": 2976,
  "validation_rows": 372,
  "train_positive_rate": 0.1081242532855436,
  "test_positive_rate": 0.12231182795698925,
  "validation_positive_rate": 0.11021505376344086,
  "feature_count": 35,
  "feature_columns": [
    "years_experience",
    "age_years",
    "tenure_months",
    "trips_completed",
    "trips_completed_avg_3m",
    "trips_completed_delta_1m",
    "total_miles",
    "total_miles_avg_3m",
    "total_miles_delta_1m",
    "total_revenue",
    "total_revenue_avg_3m",
    "total_revenue_delta_1m",
    "average_mpg",
    "average_mpg_avg_3m",
    "average_mpg_delta_1m",
    "on_time_delivery_rate",
    "on_time_delivery_rate_avg_3m",
    "on_time_delivery_rate_delta_1m",
    "average_idle_hours",
    "average_idle_hours_avg_3m",
    "average_idle_hours_delta_1m",
    "incident_count_last_3m",
    "incident_count_last_6m",
    "incident_count_last_12m",
    "at_fault_count_last_3m",
    "at_fault_count_last_6m",
    "preventable_count_last_3m",
    "preventable_count_last_6m",
    "claim_amount_sum_last_6m",
    "vehicle_damage_cost_sum_last_6m",
    "months_since_last_incident",
    "months_since_last_at_fault_incident",
    "months_since_last_preventable_incident",
    "incident_rate_per_1000_miles_3m",
    "claim_rate_per_mile_6m"
  ],
  "subtrain_start_month": "2022-01-01",
  "subtrain_end_month": "2023-12-01",
  "validation_start_month": "2024-01-01",
  "validation_end_month": "2024-03-01",
  "train_start_month": "2022-01-01",
  "train_end_month": "2024-03-01",
  "test_start_month": "2024-04-01",
  "test_end_month": "2024-09-01"
}