{
  "steps": {
    "STEP_001_DOC_RECEIVED": {
      "mean": 22.866491678332554,
      "std": 13.110770535985113,
      "p95": 47.44583333333333,
      "p99": 68.82916666666664,
      "missing_rate": 0.0
    },
    "STEP_002_DOC_VALIDATION": {
      "mean": 14.22800979934671,
      "std": 8.96810985996033,
      "p95": 30.15,
      "p99": 46.13499999999992,
      "missing_rate": 0.0
    },
    "STEP_003_HS_CLASSIFICATION": {
      "mean": 23.444439259604916,
      "std": 14.21611049259784,
      "p95": 48.30833333333334,
      "p99": 69.75999999999998,
      "missing_rate": 0.0
    },
    "STEP_004_SUBMIT_DECLARATION": {
      "mean": 23.40574350598849,
      "std": 13.962374379953335,
      "p95": 50.083333333333336,
      "p99": 73.33166666666662,
      "missing_rate": 0.0
    },
    "STEP_005_RISK_CHANNELING": {
      "mean": 23.31487789702909,
      "std": 14.076122397328255,
      "p95": 49.15416666666667,
      "p99": 71.95083333333329,
      "missing_rate": 0.0
    },
    "STEP_006_DOCUMENT_INSPECTION": {
      "mean": 475.83469046508014,
      "std": 275.7464066600501,
      "p95": 1016.9333333333334,
      "p99": 1440.0,
      "missing_rate": 0.0
    },
    "STEP_007_PHYSICAL_INSPECTION_COMPLETE": {
      "mean": 472.55759060507074,
      "std": 274.140205293538,
      "p95": 1018.5041666666666,
      "p99": 1440.0,
      "missing_rate": 0.0
    },
    "STEP_008_LAB_TEST_COMPLETE": {
      "mean": 468.0384702130969,
      "std": 273.5525828538397,
      "p95": 1034.2166666666667,
      "p99": 1440.0,
      "missing_rate": 0.0
    },
    "STEP_009_DUTY_TAX_INVOICE_ISSUED": {
      "mean": 211.53417327733706,
      "std": 131.0131103815335,
      "p95": 452.2375,
      "p99": 685.2683333333318,
      "missing_rate": 0.0
    },
    "STEP_010_PAYMENT_CONFIRMED": {
      "mean": 210.12827033753305,
      "std": 128.34828929969606,
      "p95": 441.60833333333335,
      "p99": 668.309166666665,
      "missing_rate": 0.0
    },
    "STEP_011_CLEARANCE_APPROVED": {
      "mean": 278.2506688442993,
      "std": 164.03289683488418,
      "p95": 589.0666666666667,
      "p99": 852.7283333333313,
      "missing_rate": 0.0
    },
    "STEP_012_RELEASE_ORDER_ISSUED": {
      "mean": 279.5928915850054,
      "std": 168.8504952973728,
      "p95": 593.9583333333334,
      "p99": 880.0724999999962,
      "missing_rate": 0.0
    },
    "STEP_013_CARGO_RELEASED": {
      "mean": 283.3820306424016,
      "std": 171.70627544900478,
      "p95": 611.1916666666667,
      "p99": 872.4191666666657,
      "missing_rate": 0.0
    },
    "STEP_014_PORT_GATE_OUT": {
      "mean": 9.226022709597137,
      "std": 5.315644171797836,
      "p95": 19.383333333333333,
      "p99": 27.591666666666605,
      "missing_rate": 0.0
    },
    "STEP_015_HANDOFF_TO_CARRIER": {
      "mean": 23.13824856120703,
      "std": 13.567851813871613,
      "p95": 49.275,
      "p99": 67.26749999999996,
      "missing_rate": 0.0
    },
    "STEP_016_CUSTOMS_CLOSEOUT": {
      "mean": 23.001392129413595,
      "std": 13.802094563405477,
      "p95": 48.43333333333333,
      "p99": 67.68499999999992,
      "missing_rate": 0.0
    }
  },
  "total_process_time_min": {
    "mean": 2841.944011510344,
    "std": 612.4812121686217,
    "p95": 3960.854166666666,
    "p99": 4506.641666666665
  },
  "n_cases_for_baseline": 4286
}