risk_group,mean,median,count
normal,2622.6809023726173,2584.258333333333,3428
anomaly,3138.9915695415693,3336.625,858
