score_mean,score_std,score_min,score_p50,score_p80,score_p95,score_max
0.418604,0.048263,0.363428,0.403118,0.444671,0.521822,0.73387
