{
  "steps": {
    "STEP_001_ORDER_CONFIRMED": {
      "mean": 9.336780555555556,
      "std": 5.533416550243692,
      "p95": 19.684166666666655,
      "p99": 28.50016666666667,
      "missing_rate": 0.0
    },
    "STEP_002_FRAUD_CHECK": {
      "mean": 13.880358333333332,
      "std": 8.11371678892334,
      "p95": 29.033333333333335,
      "p99": 42.234000000000016,
      "missing_rate": 0.0
    },
    "STEP_003_PAYMENT_VERIFIED": {
      "mean": 210.88188055555554,
      "std": 128.52761172546698,
      "p95": 446.9483333333326,
      "p99": 671.5450000000002,
      "missing_rate": 0.0
    },
    "STEP_004_INVENTORY_RESERVED": {
      "mean": 9.421606944444443,
      "std": 5.65177367408674,
      "p95": 19.984166666666656,
      "p99": 29.483666666666675,
      "missing_rate": 0.0
    },
    "STEP_005_WAVE_PLANNED": {
      "mean": 9.289766666666667,
      "std": 5.505663447860858,
      "p95": 19.61749999999999,
      "p99": 28.450166666666668,
      "missing_rate": 0.0
    },
    "STEP_006_PICK_START": {
      "mean": 11.497194444444442,
      "std": 7.042157928239427,
      "p95": 24.1,
      "p99": 36.28333333333333,
      "missing_rate": 0.0
    },
    "STEP_007_PICK_COMPLETE": {
      "mean": 11.753708333333334,
      "std": 6.967401532754824,
      "p95": 25.066666666666666,
      "p99": 36.11716666666668,
      "missing_rate": 0.0
    },
    "STEP_008_REPLENISH_COMPLETE": {
      "mean": 9.219515277777777,
      "std": 5.513143013748543,
      "p95": 19.533333333333335,
      "p99": 28.216666666666665,
      "missing_rate": 0.0
    },
    "STEP_009_SORTATION_COMPLETE": {
      "mean": 14.180838888888887,
      "std": 9.53699743979392,
      "p95": 30.034166666666657,
      "p99": 46.71966666666673,
      "missing_rate": 0.0
    },
    "STEP_010_QC_COMPLETE": {
      "mean": 14.180504166666665,
      "std": 8.638627837096179,
      "p95": 29.95,
      "p99": 44.01783333333336,
      "missing_rate": 0.0
    },
    "STEP_011_PACKING_START": {
      "mean": 16.569980555555556,
      "std": 10.164091592809921,
      "p95": 35.20083333333332,
      "p99": 51.83416666666669,
      "missing_rate": 0.0
    },
    "STEP_012_LABEL_PRINT": {
      "mean": 16.448322222222224,
      "std": 9.898316219974854,
      "p95": 35.23416666666665,
      "p99": 51.18433333333335,
      "missing_rate": 0.0
    },
    "STEP_013_WEIGH_DIM_CHECK": {
      "mean": 13.88546527777778,
      "std": 8.330533558353267,
      "p95": 29.334166666666654,
      "p99": 43.25016666666667,
      "missing_rate": 0.0
    },
    "STEP_014_PACKING_COMPLETE": {
      "mean": 16.56866527777778,
      "std": 10.486586041974709,
      "p95": 35.55,
      "p99": 51.95050000000001,
      "missing_rate": 0.0
    },
    "STEP_015_MANIFEST_CREATED": {
      "mean": 9.296958333333333,
      "std": 5.548193684044501,
      "p95": 19.733333333333334,
      "p99": 28.551166666666692,
      "missing_rate": 0.0
    },
    "STEP_016_STAGING_COMPLETE": {
      "mean": 9.332123611111111,
      "std": 5.5263153993464424,
      "p95": 19.466666666666665,
      "p99": 28.166833333333336,
      "missing_rate": 0.0
    },
    "STEP_017_DOCK_ASSIGN": {
      "mean": 9.337659722222222,
      "std": 5.674607574125469,
      "p95": 19.800833333333323,
      "p99": 29.567333333333348,
      "missing_rate": 0.0
    },
    "STEP_018_LOAD_TO_TRUCK": {
      "mean": 23.482338888888886,
      "std": 15.044421239990106,
      "p95": 49.035833333333294,
      "p99": 73.51700000000001,
      "missing_rate": 0.0
    },
    "STEP_019_GATE_OUT_WAREHOUSE": {
      "mean": 9.320709722222222,
      "std": 5.594668396240027,
      "p95": 19.734166666666656,
      "p99": 28.91733333333335,
      "missing_rate": 0.0
    },
    "STEP_020_HANDOFF_CARRIER": {
      "mean": 9.384830555555556,
      "std": 5.7913215068205846,
      "p95": 19.683333333333334,
      "p99": 29.917500000000018,
      "missing_rate": 0.0
    },
    "STEP_021_CARRIER_ACCEPTED": {
      "mean": 9.32436388888889,
      "std": 5.664371325401374,
      "p95": 20.234166666666656,
      "p99": 28.834166666666682,
      "missing_rate": 0.0
    },
    "STEP_022_DEPART_WAREHOUSE": {
      "mean": 9.366794444444444,
      "std": 5.514016225708494,
      "p95": 19.984166666666656,
      "p99": 28.6,
      "missing_rate": 0.0
    },
    "STEP_023_WAREHOUSE_CLOSEOUT": {
      "mean": 9.331929166666667,
      "std": 5.671770389195989,
      "p95": 19.91749999999999,
      "p99": 29.084500000000023,
      "missing_rate": 0.0
    }
  },
  "total_process_time_min": {
    "mean": 475.2922958333334,
    "std": 133.59104921527296,
    "p95": 719.2433333333333,
    "p99": 931.8346666666667
  },
  "n_cases_for_baseline": 12000
}