month,CRITICAL,BOTTLENECK,ELEVATED,WATCHLIST,NORMAL
2025-04,19.4125159642401,29.29757343550447,5.236270753512133,2.324393358876118,43.72924648786718
2025-05,18.70936672285095,30.411750541777028,5.104743558873103,2.118950156513364,43.65518901998555
2025-06,18.870803662258393,30.722278738555442,5.061037639877925,2.568667344862665,42.777212614445574
