month,Staging Complete,Sortation Complete,Load To Truck,Pick Start,Pick Complete,Qc Complete
2025-04,4.4955300127713915,5.031928480204343,4.674329501915709,3.7803320561941254,4.086845466155811,4.418901660280971
2025-05,5.321454370334698,4.599084998796052,4.839874789308933,4.863953768360221,4.33421622923188,4.815795810257645
2025-06,4.27263479145473,4.145473041709054,4.196337741607325,4.883011190233978,5.035605289928789,4.043743641912513
