month,case_count,avg_risk,p95_risk,avg_anomaly,high_risk_rate,critical_rate
2025-04,3915,49.808173690932314,94.0,0.41364946768837807,20.842911877394634,19.4125159642401
2025-05,4153,49.16036600048158,95.0,0.4129896848061642,19.67252588490248,18.70936672285095
2025-06,3932,49.55213631739573,94.0,0.4130370345879959,19.506612410986776,18.870803662258393
