month,CRITICAL,BOTTLENECK,ELEVATED,WATCHLIST,NORMAL
2025-04,23.79693283976732,33.976731887890004,3.172924378635643,0.5552617662612375,38.4981491274458
2025-05,24.01736194839643,33.518205931999034,3.7858693031106823,0.48227634434530986,38.196286472148536
2025-06,22.93299620733249,34.96839443742098,3.185840707964602,0.5562579013906448,38.35651074589128
2025-07,25.862068965517242,36.206896551724135,5.172413793103448,0.0,32.758620689655174
