month,Load Start,Arrive Lastmile Depot,Lastmile Sort Complete,Hub Sort Complete,Delivered Confirmed,Driver Assigned
2025-04,3.939714436805923,3.5430988894764677,4.336329984135378,3.72818614489688,3.7017451084082498,3.172924378635643
2025-05,3.520617313720762,3.978779840848806,3.6894140342416204,3.7135278514588856,3.7135278514588856,3.7135278514588856
2025-06,3.6409608091024017,3.6409608091024017,3.0088495575221237,3.4892541087231352,3.4134007585335016,3.7420986093552466
2025-07,6.896551724137931,2.586206896551724,2.586206896551724,2.586206896551724,2.586206896551724,2.586206896551724
