month,case_count,avg_risk,p95_risk,avg_anomaly,high_risk_rate,critical_rate
2025-04,3782,48.98281332628239,94.0,0.4098056287678477,19.11686938127975,23.79693283976732
2025-05,4147,49.850735471425125,95.0,0.4108325809018568,20.786110441282855,24.01736194839643
2025-06,3955,49.59190897597977,94.0,0.41029213653603036,20.101137800252843,22.93299620733249
2025-07,116,50.69827586206897,96.0,0.41335763793103447,17.24137931034483,25.862068965517242
