reference_months,recent_months,avg_risk_ref,avg_risk_recent,avg_risk_delta,p95_risk_ref,p95_risk_recent,p95_risk_delta,high_risk_rate_ref,high_risk_rate_recent,high_risk_rate_delta,critical_rate_ref,critical_rate_recent,critical_rate_delta
"2025-04, 2025-05, 2025-06","2025-05, 2025-06, 2025-07",49.4751525912291,50.04697343649129,0.5718208452621951,94.33333333333333,95.0,0.6666666666666714,20.00137254093848,19.376209183960174,-0.6251633569783053,23.582430331832082,24.270809040415386,0.6883787085833042
